{
    "minigames.after_class": {
        "subtitle": "放课后",
        "sounds": [
            "minigames/after_class"
        ],
        "replace": true
    },
    "minigames.baga": {
        "subtitle": "馬鹿ふたり",
        "sounds": [
            "minigames/baga"
        ],
        "replace": true
    },
    "minigames.beautiful_moon": {
        "subtitle": "有哉と美月",
        "sounds": [
            "minigames/beautiful_moon"
        ],
        "replace": true
    },
    "minigames.summer": {
        "subtitle": "Summer",
        "sounds": [
            "minigames/summer"
        ],
        "replace": true
    },
    "minigames.summer_and_the_firework": {
        "subtitle": "夏祭り、夢花火。",
        "sounds": [
            "minigames/summer_and_the_firework"
        ],
        "replace": true
    },
    "minigames.the_great_wall": {
        "subtitle": "万里の長城",
        "sounds": [
            "minigames/the_great_wall"
        ],
        "replace": true
    },
    "minigames.the_sound_of_child": {
        "subtitle": "幼女幻奏",
        "sounds": [
            "minigames/the_sound_of_child"
        ],
        "replace": true
    }
}