{
    "parent": "item/handheld_rod",
    "textures": {
        "layer0": "item/carrot_on_a_stick"
    },
    "overrides": [
        {
            "predicate": {
                "custom_model_data": 1
            },
            "model": "item/old_clock_arrow"
        },
        {
            "predicate": {
                "custom_model_data": 2
            },
            "model": "item/tnt"
        },
        {
            "predicate": {
                "custom_model_data": 3
            },
            "model": "item/old_sword"
        },
        {
            "predicate": {
                "custom_model_data": 4
            },
            "model": "item/tripwire_hook"
        },
        {
            "predicate": {
                "custom_model_data": 5
            },
            "model": "item/heavy_weighted_pressure_plate"
        },
        {
            "predicate": {
                "custom_model_data": 6
            },
            "model": "item/ender_eye"
        }
    ]
}