{
    "ambient.basalt_deltas.loop": {
        "sounds": [
            {
                "name": "animate/godmusic",
                "stream": true,
                "volume": 1
            }
        ],
        "replace": true
    },
    "ambient.crimson_forest.loop": {
        "sounds": [
            {
                "name": "animate/proudofthekingofkings",
                "stream": true,
                "volume": 1
            }
        ],
        "replace": true
    },
    "ambient.nether_wastes.loop": {
        "sounds": [
            {
                "name": "animate/summer",
                "stream": true,
                "volume": 1
            }
        ],
        "replace": true
    },
    "ambient.soul_sand_valley.loop": {
        "sounds": [
            {
                "name": "animate/shenqianxiao_childhoodfriend",
                "stream": true,
                "volume": 1
            }
        ],
        "replace": true
    },
    "ambient.underwater.loop": {
        "sounds": [
            {
                "name": "animate/sadmusic",
                "stream": true,
                "volume": 1
            }
        ],
        "replace": true
    },
    "ambient.warped_forest.loop": {
        "sounds": [
            {
                "name": "animate/radwimps_yangcaiandfangao",
                "stream": true,
                "volume": 1
            }
        ],
        "replace": true
    },
    "music.creative": {
        "sounds": [
            {
                "name": "music.game",
                "type": "event"
            },
            {
                "name": "animate/sadmusic",
                "stream": true
            },
            {
                "name": "animate/thesongofdragon",
                "stream": true
            },
            {
                "name": "animate/xingyeyuan_comedy",
                "stream": true
            },
            {
                "name": "animate/zou",
                "stream": true
            },
            {
                "name": "animate/secret_base",
                "stream": true
            },
            {
                "name": "animate/sumika_fourseason",
                "stream": true
            },
            {
                "name": "animate/yuanzhikong",
                "stream": true
            },
            {
                "name": "animate/comicg_nevercry",
                "stream": true
            },
            {
                "name": "animate/comicg_nevercry",
                "stream": true
            },
            {
                "name": "radwimps_divination",
                "stream": true
            }
        ],
        "replace": true
    },
    "music.credits": {
        "sounds": [
            {
                "name": "animate/secret_base",
                "stream": true
            }
        ],
        "replace": true
    },
    "music.dragon": {
        "sounds": [
            {
                "name": "animate/thesongofdragon",
                "stream": true
            }
        ],
        "replace": true
    },
    "music.end": {
        "sounds": [
            {
                "name": "animate/radwimps_anythinglovecando",
                "stream": true
            }
        ],
        "replace": true
    },
    "music.game": {
        "sounds": [
            {
                "name": "animate/godmusic",
                "stream": true
            },
            {
                "name": "animate/maybeyouarenotgood",
                "stream": true
            },
            {
                "name": "animate/huaze_loveloop",
                "stream": true
            },
            {
                "name": "animate/radwimps_dreamlight",
                "stream": true,
                "volume": 0.4
            },
            {
                "name": "animate/radwimps_pastlife",
                "stream": true,
                "volume": 0.4
            },
            {
                "name": "animate/radwimps_yangcaiandfangao",
                "stream": true
            },
            {
                "name": "animate/spitz_springsong",
                "stream": true
            },
            {
                "name": "animate/onelastkiss",
                "stream": true
            },
            {
                "name": "animate/shenqianxiao_childhoodfriend",
                "stream": true
            },
            {
                "name": "animate/summer",
                "stream": true,
                "volume": 0.4
            },
            {
                "name": "animate/spitz_springsong",
                "stream": true
            },
            {
                "name": "animate/shenqianxiao_yallhello",
                "stream": true
            },
            {
                "name": "animate/goodbyetoday",
                "stream": true,
                "volume": 0.4
            },
            {
                "name": "animate/secret_base",
                "stream": true
            },
            {
                "name": "animate/yuanzhikong",
                "stream": true
            },
            {
                "name": "animate/zou",
                "stream": true
            }
        ],
        "replace": true
    },
    "music.menu": {
        "sounds": [
            {
                "name": "animate/comicg_nevercry",
                "stream": true
            },
            {
                "name": "animate/radwimps_anythinglovecando",
                "stream": true
            },
            {
                "name": "animate/secret_base",
                "stream": true
            },
            {
                "name": "animate/sumika_fourseason",
                "stream": true
            },
            {
                "name": "animate/zou",
                "stream": true
            },
            {
                "name": "animate/spitz_springsong",
                "stream": true
            },
            {
                "name": "animate/guimie_zaomensong",
                "stream": true
            }
        ],
        "replace": true
    },
    "music.nether.basalt_deltas": {
        "sounds": [
            {
                "name": "animate/comicg_nevercry",
                "stream": true
            },
            {
                "name": "animate/yuanzhikong",
                "stream": true
            },
            {
                "name": "animate/secret_base",
                "stream": true
            },
            {
                "name": "animate/huaze_loveloop",
                "stream": true
            },
            {
                "name": "animate/proudofthekingofkings",
                "stream": true,
                "volume": 0.5,
                "weight": 7
            }
        ],
        "replace": true
    },
    "music.nether.crimson_forest": {
        "sounds": [
            {
                "name": "animate/goodbyetoday",
                "stream": true,
                "volume": 0.5,
                "weight": 7
            },
            {
                "name": "animate/guimie_zaomensong",
                "stream": true
            },
            {
                "name": "animate/radwimps_dreamlight",
                "stream": true
            },
            {
                "name": "animate/shenqianxiao_childhoodfriend",
                "stream": true
            },
            {
                "name": "animate/zou",
                "stream": true
            }
        ],
        "replace": true
    },
    "music.nether.nether_wastes": {
        "sounds": [
            {
                "name": "animate/godmusic",
                "stream": true
            },
            {
                "name": "animate/secret_base",
                "stream": true
            },
            {
                "name": "animate/maybeyouarenotgood",
                "stream": true
            },
            {
                "name": "animate/summer",
                "stream": true
            },
            {
                "name": "animate/onelastkiss",
                "stream": true,
                "volume": 0.5,
                "weight": 6
            }
        ],
        "replace": true
    },
    "music.nether.soul_sand_valley": {
        "sounds": [
            {
                "name": "animate/radwimps_yangcaiandfangao",
                "stream": true
            },
            {
                "name": "animate/radwimps_pastlife",
                "stream": true
            },
            {
                "name": "animate/shenqianxiao_amoment",
                "stream": true
            },
            {
                "name": "animate/shenqianxiao_sorryyouknowme",
                "stream": true
            },
            {
                "name": "animate/guimie_zaomensong",
                "stream": true,
                "volume": 0.5,
                "weight": 7
            }
        ],
        "replace": true
    },
    "music.nether.warped_forest": {
        "sounds": [],
        "replace": true
    },
    "music.overworld.deep_dark": {
        "sounds": [
            {
                "name": "animate/comicg_nevercry",
                "stream": true
            }
        ],
        "replace": true
    },
    "music.overworld.dripstone_caves": {
        "sounds": [
            {
                "name": "animate/goodbyetoday",
                "stream": true
            },
            {
                "name": "animate/onelastkiss",
                "stream": true
            },
            {
                "name": "animate/radwimps_dreamlight",
                "stream": true
            },
            {
                "name": "animate/radwimps_yangcaiandfangao",
                "stream": true,
                "volume": 1
            },
            {
                "name": "animate/proudofthekingofkings",
                "stream": true
            },
            {
                "name": "animate/thesongofdragon",
                "stream": true
            },
            {
                "name": "animate/xingyeyuan_comedy",
                "stream": true,
                "volume": 0.4,
                "weight": 2
            }
        ],
        "replace": true
    },
    "music.overworld.frozen_peaks": {
        "sounds": [
            {
                "name": "animate/goodbyetoday",
                "stream": true
            },
            {
                "name": "animate/onelastkiss",
                "stream": true
            },
            {
                "name": "animate/radwimps_dreamlight",
                "stream": true
            },
            {
                "name": "animate/radwimps_yangcaiandfangao",
                "stream": true,
                "volume": 1
            },
            {
                "name": "animate/proudofthekingofkings",
                "stream": true
            },
            {
                "name": "animate/thesongofdragon",
                "stream": true
            },
            {
                "name": "animate/xingyeyuan_comedy",
                "stream": true,
                "volume": 0.4,
                "weight": 2
            }
        ],
        "replace": true
    },
    "music.overworld.grove": {
        "sounds": [
            {
                "name": "animate/goodbyetoday",
                "stream": true
            },
            {
                "name": "animate/onelastkiss",
                "stream": true
            },
            {
                "name": "animate/radwimps_dreamlight",
                "stream": true
            },
            {
                "name": "animate/radwimps_yangcaiandfangao",
                "stream": true,
                "volume": 1
            },
            {
                "name": "animate/proudofthekingofkings",
                "stream": true
            },
            {
                "name": "animate/thesongofdragon",
                "stream": true
            },
            {
                "name": "animate/xingyeyuan_comedy",
                "stream": true,
                "volume": 0.4,
                "weight": 2
            }
        ],
        "replace": true
    },
    "music.overworld.jagged_peaks": {
        "sounds": [
            {
                "name": "animate/goodbyetoday",
                "stream": true
            },
            {
                "name": "animate/onelastkiss",
                "stream": true
            },
            {
                "name": "animate/radwimps_dreamlight",
                "stream": true
            },
            {
                "name": "animate/radwimps_yangcaiandfangao",
                "stream": true,
                "volume": 1
            },
            {
                "name": "animate/proudofthekingofkings",
                "stream": true
            },
            {
                "name": "animate/thesongofdragon",
                "stream": true
            },
            {
                "name": "animate/xingyeyuan_comedy",
                "stream": true,
                "volume": 0.4,
                "weight": 2
            }
        ],
        "replace": true
    },
    "music.overworld.jungle_and_forest": {
        "sounds": [
            {
                "name": "animate/goodbyetoday",
                "stream": true
            },
            {
                "name": "animate/onelastkiss",
                "stream": true
            },
            {
                "name": "animate/radwimps_dreamlight",
                "stream": true
            },
            {
                "name": "animate/radwimps_yangcaiandfangao",
                "stream": true,
                "volume": 1
            },
            {
                "name": "animate/proudofthekingofkings",
                "stream": true
            },
            {
                "name": "animate/thesongofdragon",
                "stream": true
            },
            {
                "name": "animate/xingyeyuan_comedy",
                "stream": true,
                "volume": 0.4,
                "weight": 2
            }
        ],
        "replace": true
    },
    "music.overworld.lush_caves": {
        "sounds": [
            {
                "name": "animate/goodbyetoday",
                "stream": true
            },
            {
                "name": "animate/onelastkiss",
                "stream": true
            },
            {
                "name": "animate/radwimps_dreamlight",
                "stream": true
            },
            {
                "name": "animate/radwimps_yangcaiandfangao",
                "stream": true,
                "volume": 1
            },
            {
                "name": "animate/proudofthekingofkings",
                "stream": true
            },
            {
                "name": "animate/thesongofdragon",
                "stream": true
            },
            {
                "name": "animate/xingyeyuan_comedy",
                "stream": true,
                "volume": 0.4,
                "weight": 2
            }
        ],
        "replace": true
    },
    "music.overworld.meadow": {
        "sounds": [
            {
                "name": "animate/goodbyetoday",
                "stream": true
            },
            {
                "name": "animate/onelastkiss",
                "stream": true
            },
            {
                "name": "animate/radwimps_dreamlight",
                "stream": true
            },
            {
                "name": "animate/radwimps_yangcaiandfangao",
                "stream": true,
                "volume": 1
            },
            {
                "name": "animate/proudofthekingofkings",
                "stream": true
            },
            {
                "name": "animate/thesongofdragon",
                "stream": true
            },
            {
                "name": "animate/xingyeyuan_comedy",
                "stream": true,
                "volume": 0.4,
                "weight": 2
            }
        ],
        "replace": true
    },
    "music.overworld.old_growth_taiga": {
        "sounds": [
            {
                "name": "animate/goodbyetoday",
                "stream": true
            },
            {
                "name": "animate/onelastkiss",
                "stream": true
            },
            {
                "name": "animate/radwimps_dreamlight",
                "stream": true
            },
            {
                "name": "animate/radwimps_yangcaiandfangao",
                "stream": true,
                "volume": 1
            },
            {
                "name": "animate/proudofthekingofkings",
                "stream": true
            },
            {
                "name": "animate/thesongofdragon",
                "stream": true
            },
            {
                "name": "animate/xingyeyuan_comedy",
                "stream": true,
                "volume": 0.4,
                "weight": 2
            }
        ],
        "replace": true
    },
    "music.overworld.snowy_slopes": {
        "sounds": [
            {
                "name": "animate/goodbyetoday",
                "stream": true
            },
            {
                "name": "animate/onelastkiss",
                "stream": true
            },
            {
                "name": "animate/radwimps_dreamlight",
                "stream": true
            },
            {
                "name": "animate/radwimps_yangcaiandfangao",
                "stream": true,
                "volume": 1
            },
            {
                "name": "animate/proudofthekingofkings",
                "stream": true
            },
            {
                "name": "animate/thesongofdragon",
                "stream": true
            },
            {
                "name": "animate/xingyeyuan_comedy",
                "stream": true,
                "volume": 0.4,
                "weight": 2
            }
        ],
        "replace": true
    },
    "music.overworld.stony_peaks": {
        "sounds": [
            {
                "name": "animate/goodbyetoday",
                "stream": true
            },
            {
                "name": "animate/onelastkiss",
                "stream": true
            },
            {
                "name": "animate/radwimps_dreamlight",
                "stream": true
            },
            {
                "name": "animate/radwimps_yangcaiandfangao",
                "stream": true,
                "volume": 1
            },
            {
                "name": "animate/proudofthekingofkings",
                "stream": true
            },
            {
                "name": "animate/thesongofdragon",
                "stream": true
            },
            {
                "name": "animate/xingyeyuan_comedy",
                "stream": true,
                "volume": 0.4,
                "weight": 2
            }
        ],
        "replace": true
    },
    "music.overworld.swamp": {
        "sounds": [
            {
                "name": "animate/goodbyetoday",
                "stream": true
            },
            {
                "name": "animate/onelastkiss",
                "stream": true
            },
            {
                "name": "animate/radwimps_dreamlight",
                "stream": true
            },
            {
                "name": "animate/radwimps_yangcaiandfangao",
                "stream": true,
                "volume": 1
            },
            {
                "name": "animate/proudofthekingofkings",
                "stream": true
            },
            {
                "name": "animate/thesongofdragon",
                "stream": true
            },
            {
                "name": "animate/xingyeyuan_comedy",
                "stream": true,
                "volume": 0.4,
                "weight": 2
            }
        ],
        "replace": true
    },
    "music.under_water": {
        "sounds": [
            {
                "name": "animate/radwimps_anythinglovecando",
                "stream": true,
                "volume": 0.4
            },
            {
                "name": "animate/yuanzhikong",
                "stream": true,
                "volume": 0.4
            },
            {
                "name": "animate/sadmusic",
                "stream": true,
                "volume": 0.4
            }
        ],
        "replace": true
    },
    "music_disc.11": {
        "sounds": [
            {
                "name": "animate/comicg_nevercry",
                "stream": true
            }
        ],
        "replace": true
    },
    "music_disc.13": {
        "sounds": [
            {
                "name": "animate/goodbyetoday",
                "stream": true
            }
        ],
        "replace": true
    },
    "music_disc.5": {
        "sounds": [
            {
                "name": "animate/maybeyouarenotgood",
                "stream": true
            }
        ],
        "replace": true
    },
    "music_disc.blocks": {
        "sounds": [
            {
                "name": "animate/huaze_loveloop",
                "stream": true
            }
        ],
        "replace": true
    },
    "music_disc.cat": {
        "sounds": [
            {
                "name": "animate/onelastkiss",
                "stream": true
            }
        ],
        "replace": true
    },
    "music_disc.chirp": {
        "sounds": [
            {
                "name": "animate/rabbithouse",
                "stream": true
            }
        ],
        "replace": true
    },
    "music_disc.far": {
        "sounds": [
            {
                "name": "animate/radwimps_anythinglovecando",
                "stream": true
            }
        ],
        "replace": true
    },
    "music_disc.mall": {
        "sounds": [
            {
                "name": "animate/radwimps_dreamlight",
                "stream": true
            }
        ],
        "replace": true
    },
    "music_disc.mellohi": {
        "sounds": [
            {
                "name": "animate/radwimps_pastlife",
                "stream": true
            }
        ],
        "replace": true
    },
    "music_disc.otherside": {
        "sounds": [
            {
                "name": "animate/guimie_zaomensong",
                "stream": true
            }
        ],
        "replace": true
    },
    "music_disc.pigstep": {
        "sounds": [
            {
                "name": "animate/secret_base",
                "stream": true
            }
        ],
        "replace": true
    },
    "music_disc.stal": {
        "sounds": [
            {
                "name": "animate/sumika_fourseason",
                "stream": true
            }
        ],
        "replace": true
    },
    "music_disc.strad": {
        "sounds": [
            {
                "name": "animate/thesongofdragon",
                "stream": true
            }
        ],
        "replace": true
    },
    "music_disc.wait": {
        "sounds": [
            {
                "name": "animate/xingyeyuan_comedy",
                "stream": true
            }
        ],
        "replace": true
    },
    "music_disc.ward": {
        "sounds": [
            {
                "name": "animate/zou",
                "stream": true
            }
        ],
        "replace": true
    },
    "animate.lovecycle": {
        "subtitle": "花泽香菜 - 恋爱循环",
        "sounds": [
            "animate/huaze_loveloop"
        ],
        "replace": true
    },
    "animate.summer": {
        "subtitle": "久石让 - Summer",
        "sounds": [
            "animate/summer"
        ],
        "replace": true
    },
    "animate.godmusic": {
        "subtitle": "神前暁、高田龍一 - いつもの風景から始まる物語",
        "sounds": [
            "animate/godmusic"
        ],
        "replace": true
    },
    "animate.comicg_nevercry": {
        "subtitle": "漫画女孩 - 不要流泪",
        "sounds": [
            "animate/comicg_nevercry"
        ],
        "replace": true
    },
    "animate.goodbyetoday": {
        "subtitle": "森山良子 - 今日の日はさようなら",
        "sounds": [
            "animate/goodbyetoday"
        ],
        "replace": true
    },
    "animate.guimie_zaomensong": {
        "subtitle": "椎名豪&中川奈美 - 灶门炭治郎之歌",
        "sounds": [
            "animate/guimie_zaomensong"
        ],
        "replace": true
    },
    "animate.maybeyouarenotgood": {
        "subtitle": "大石昌良 - 君じゃなきゃダメみたい",
        "sounds": [
            "animate/maybeyouarenotgood"
        ],
        "replace": true
    },
    "animate.onelastkiss": {
        "subtitle": "宇多田ヒカル - One Last Kiss",
        "sounds": [
            "animate/onelastkiss"
        ],
        "replace": true
    },
    "animate.proudofthekingofkings": {
        "subtitle": "川井憲次 - 骑士王の夸り",
        "sounds": [
            "animate/proudofthekingofkings"
        ],
        "replace": true
    },
    "animate.rabbithouse": {
        "subtitle": "佐仓绫音 - “一起去rabbit house吧” 之歌",
        "sounds": [
            "animate/rabbithouse"
        ],
        "replace": true
    },
    "animate.radwimps_anythinglovecando": {
        "subtitle": "radwimps - 愛にできることはまだあるかい",
        "sounds": [
            "animate/radwimps_anythinglovecando"
        ],
        "replace": true
    },
    "animate.radwimps_divination": {
        "subtitle": "radwimps - 占秘館へようこそ",
        "sounds": [
            "animate/radwimps_divination"
        ],
        "replace": true
    },
    "animate.radwimps_dreamlight": {
        "subtitle": "radwimps - 夢灯籠",
        "sounds": [
            "animate/radwimps_dreamlight"
        ],
        "replace": true
    },
    "animate.radwimps_familytime": {
        "subtitle": "radwimps - 家族の時間",
        "sounds": [
            "animate/radwimps_familytime"
        ],
        "replace": true
    },
    "animate.radwimps_pastlife": {
        "subtitle": "radwimps - 前前前世(movie ver.)",
        "sounds": [
            "animate/radwimps_pastlife"
        ],
        "replace": true
    },
    "animate.radwimps_yangcaiandfangao": {
        "subtitle": "radwimps - 陽菜と、走る帆高",
        "sounds": [
            "animate/radwimps_yangcaiandfangao"
        ],
        "replace": true
    },
    "animate.sadmusic": {
        "subtitle": "中西亮輔 - 有哉と美月",
        "sounds": [
            "animate/sadmusic"
        ],
        "replace": true
    },
    "animate.shenqianxiao_amoment": {
        "subtitle": "神前暁 - ひととき",
        "sounds": [
            "animate/shenqianxiao_amoment"
        ],
        "replace": true
    },
    "animate.shenqianxiao_childhoodfriend": {
        "subtitle": "神前暁 - 幼なじみ",
        "sounds": [
            "animate/shenqianxiao_childhoodfriend"
        ],
        "replace": true
    },
    "animate.shenqianxiao_lostpain": {
        "subtitle": "神前暁 - 骨折り損",
        "sounds": [
            "animate/shenqianxiao_lostpain"
        ],
        "replace": true
    },
    "animate.shenqianxiao_sorryyouknowme": {
        "subtitle": "神前暁 - 誠に遺憾ながら、知り合い？",
        "sounds": [
            "animate/shenqianxiao_sorryyouknowme"
        ],
        "replace": true
    },
    "animate.shenqianxiao_yallhello": {
        "subtitle": "神前暁 - やっはろー!",
        "sounds": [
            "animate/shenqianxiao_yallhello"
        ],
        "replace": true
    },
    "animate.spitz_springsong": {
        "subtitle": "spitz - 春之歌",
        "sounds": [
            "animate/spitz_springsong"
        ],
        "replace": true
    },
    "animate.sumika_fourseason": {
        "subtitle": "sumika - 春夏秋冬",
        "sounds": [
            "animate/sumika_fourseason"
        ],
        "replace": true
    },
    "animate.thesongofdragon": {
        "subtitle": "龙之歌（樱花任务）",
        "sounds": [
            "animate/thesongofdragon"
        ],
        "replace": true
    },
    "animate.xingyeyuan_comedy": {
        "subtitle": "星野源 - 喜剧",
        "sounds": [
            "animate/xingyeyuan_comedy"
        ],
        "replace": true
    },
    "animate.zou": {
        "subtitle": "雨宮天 - 奏 (かなで)",
        "sounds": [
            "animate/zou"
        ],
        "replace": true
    },
    "animate.secret_base": {
        "subtitle": "茅野愛衣&戸松遥&早見沙織 - secret base ～君がくれたもの～(10 years after Ver.)",
        "sounds": [
            "animate/secret_base"
        ],
        "replace": true
    },
    "animate.yuanzhikong": {
        "subtitle": "三輪学 - -遠い空へ-(ヨスガノソラ メインテーマ)",
        "sounds": [
            "animate/yuanzhikong"
        ],
        "replace": true
    }
}