{
    "parent": "minecraft:item/generated",
    "textures": {
      "layer0": "minecraft:item/candle"
    },
    "overrides": [
        {
            "predicate": {
                "custom_model_data": 1
            },
            "model": "item/touzi/1"
        },{
            "predicate": {
                "custom_model_data": 2
            },
            "model": "item/touzi/2"
        },
        {
            "predicate": {
                "custom_model_data": 3
            },
            "model": "item/touzi/3"
        },
        {
            "predicate": {
                "custom_model_data": 4
            },
            "model": "item/touzi/4"
        },
        {
            "predicate": {
                "custom_model_data": 5
            },
            "model": "item/touzi/5"
        },
        {
            "predicate": {
                "custom_model_data": 6
            },
            "model": "item/touzi/6"
        }
    ]
  }