{
    "parent": "item/handheld_rod",
    "textures": {
        "layer0": "item/carrot_on_a_stick"
    },
    "overrides": [
        {
            "predicate": {
                "custom_model_data": 1
            },
            "model": "item/old_clock_arrow"
        },
        {
            "predicate": {
                "custom_model_data": 2
            },
            "model": "item/tnt_arrow"
        },
        {
            "predicate": {
                "custom_model_data": 3
            },
            "model": "item/old_sword"
        },
        {
            "predicate": {
                "custom_model_data": 4
            },
            "model": "item/shenbao"
        },
        {
            "predicate": {
                "custom_model_data": 5
            },
            "model": "item/checkpoint"
        },
        {
            "predicate": {
                "custom_model_data": 6
            },
            "model": "item/tp_stick"
        },
        {
            "predicate": {
                "custom_model_data": 7
            },
            "model": "item/firegun"
        },
        {
            "predicate": {
                "custom_model_data": 8
            },
            "model": "item/ggun"
        },
        {
            "predicate": {
                "custom_model_data": 9
            },
            "model": "item/ngun"
        },
        {
            "predicate": {
                "custom_model_data": 10
            },
            "model": "item/agun"
        },
        {
            "predicate": {
                "custom_model_data": 11
            },
            "model": "item/fireballgun"
        },
        {
            "predicate": {
                "custom_model_data": 12
            },
            "model": "item/spitgun"
        },
        {
            "predicate": {
                "custom_model_data": 13
            },
            "model": "item/boat_rush"
        },
        {
            "predicate": {
                "custom_model_data": 14
            },
            "model": "item/spawnboat"
        },
        {
            "predicate": {
                "custom_model_data": 15
            },
            "model": "item/backboat"
        },
        {
            "predicate": {
                "custom_model_data": 16
            },
            "model": "item/air"
        },
        {
            "predicate": {
                "custom_model_data": 17
            },
            "model": "item/set_trap"
        },
        {
            "predicate": {
                "custom_model_data": 18
            },
            "model": "item/feather"
        },
        {
            "predicate": {
                "custom_model_data": 19
            },
            "model": "item/changepos"
        },
        {
            "predicate": {
                "custom_model_data": 20
            },
            "model": "item/haerkala"
        }
    ]
}