{
    "parent": "item/handheld_rod",
    "textures": {
        "layer0": "item/warped_fungus_on_a_stick"
    },
    "overrides": [
        {
            "predicate": {
                "custom_model_data": 1
            },
            "model": "item/boat_rush"
        },{
            "predicate": {
                "custom_model_data": 2
            },
            "model": "item/air"
        },{
            "predicate": {
                "custom_model_data": 3
            },
            "model": "item/close"
        },{
            "predicate": {
                "custom_model_data": 4
            },
            "model": "item/tick"
        },{
            "predicate": {
                "custom_model_data": 5
            },
            "model": "item/select"
        },{
            "predicate": {
                "custom_model_data": 6
            },
            "model": "item/back"
        },{
            "predicate": {
                "custom_model_data": 7
            },
            "model": "item/kill"
        },{
            "predicate": {
                "custom_model_data": 8
            },
            "model": "item/rescue"
        }
    ]
}