{
    "model": {
        "type": "minecraft:range_dispatch",
        "entries": [
            {
                "threshold": 1,
                "model": {
                    "type": "model",
                    "model": "item/touzi/1"
                }
            },
            {
                "threshold": 2,
                "model": {
                    "type": "model",
                    "model": "item/touzi/2"
                }
            },
            {
                "threshold": 3,
                "model": {
                    "type": "model",
                    "model": "item/touzi/3"
                }
            },
            {
                "threshold": 4,
                "model": {
                    "type": "model",
                    "model": "item/touzi/4"
                }
            },
            {
                "threshold": 5,
                "model": {
                    "type": "model",
                    "model": "item/touzi/5"
                }
            },
            {
                "threshold": 6,
                "model": {
                    "type": "model",
                    "model": "item/touzi/6"
                }
            }
        ],
        "fallback": {
            "type": "model",
            "model": "item/candle"
        },
        "property": "custom_model_data",
        "index": 0
    }
}