{
    "model": {
        "type": "minecraft:range_dispatch",
        "entries": [
            {
                "threshold": 1,
                "model": {
                    "type": "model",
                    "model": "item/old_clock_arrow"
                }
            },
            {
                "threshold": 2,
                "model": {
                    "type": "model",
                    "model": "item/tnt_arrow"
                }
            },
            {
                "threshold": 3,
                "model": {
                    "type": "model",
                    "model": "item/old_sword"
                }
            },
            {
                "threshold": 4,
                "model": {
                    "type": "model",
                    "model": "item/shenbao"
                }
            },
            {
                "threshold": 5,
                "model": {
                    "type": "model",
                    "model": "item/checkpoint"
                }
            },
            {
                "threshold": 6,
                "model": {
                    "type": "model",
                    "model": "item/tp_stick"
                }
            },
            {
                "threshold": 7,
                "model": {
                    "type": "model",
                    "model": "item/firegun"
                }
            },
            {
                "threshold": 8,
                "model": {
                    "type": "model",
                    "model": "item/ggun"
                }
            },
            {
                "threshold": 9,
                "model": {
                    "type": "model",
                    "model": "item/ngun"
                }
            },
            {
                "threshold": 10,
                "model": {
                    "type": "model",
                    "model": "item/agun"
                }
            },
            {
                "threshold": 11,
                "model": {
                    "type": "model",
                    "model": "item/fireballgun"
                }
            },
            {
                "threshold": 12,
                "model": {
                    "type": "model",
                    "model": "item/spitgun"
                }
            },
            {
                "threshold": 13,
                "model": {
                    "type": "model",
                    "model": "item/boat_rush"
                }
            },
            {
                "threshold": 14,
                "model": {
                    "type": "model",
                    "model": "item/spawnboat"
                }
            },
            {
                "threshold": 15,
                "model": {
                    "type": "model",
                    "model": "item/backboat"
                }
            },
            {
                "threshold": 16,
                "model": {
                    "type": "model",
                    "model": "item/air"
                }
            },
            {
                "threshold": 17,
                "model": {
                    "type": "model",
                    "model": "item/set_trap"
                }
            },
            {
                "threshold": 18,
                "model": {
                    "type": "model",
                    "model": "item/feather"
                }
            },
            {
                "threshold": 19,
                "model": {
                    "type": "model",
                    "model": "item/changepos"
                }
            },
            {
                "threshold": 20,
                "model": {
                    "type": "model",
                    "model": "item/haerkala"
                }
            },
            {
                "threshold": 21,
                "model": {
                    "type": "model",
                    "model": "item/coin"
                }
            },
            {
                "threshold": 22,
                "model": {
                    "type": "model",
                    "model": "item/cosplay"
                }
            },
            {
                "threshold": 23,
                "model": {
                    "type": "model",
                    "model": "item/trick"
                }
            },
            {
                "threshold": 24,
                "model": {
                    "type": "model",
                    "model": "item/touzi/3d_normal"
                }
            },
            {
                "threshold": 25,
                "model": {
                    "type": "model",
                    "model": "item/touzi/3d_small"
                }
            },
            {
                "threshold": 26,
                "model": {
                    "type": "model",
                    "model": "item/touzi/3d_big"
                }
            }
        ],
        "fallback": {
            "type": "model",
            "model": "item/carrot_on_a_stick"
        },
        "property": "custom_model_data",
        "index": 0
    }
}