{
    "model": {
        "type": "minecraft:range_dispatch",
        "entries": [
            {
                "threshold": 1,
                "model": {
                    "type": "model",
                    "model": "item/boat_rush"
                }
            },
            {
                "threshold": 2,
                "model": {
                    "type": "model",
                    "model": "item/air"
                }
            },
            {
                "threshold": 3,
                "model": {
                    "type": "model",
                    "model": "item/close"
                }
            },
            {
                "threshold": 4,
                "model": {
                    "type": "model",
                    "model": "item/tick"
                }
            },
            {
                "threshold": 5,
                "model": {
                    "type": "model",
                    "model": "item/select"
                }
            },
            {
                "threshold": 6,
                "model": {
                    "type": "model",
                    "model": "item/back"
                }
            },
            {
                "threshold": 7,
                "model": {
                    "type": "model",
                    "model": "item/kill"
                }
            },
            {
                "threshold": 8,
                "model": {
                    "type": "model",
                    "model": "item/rescue"
                }
            }
        ],
        "fallback": {
            "type": "model",
            "model": "item/warped_fungus_on_a_stick"
        },
        "property": "custom_model_data",
        "index": 0
    }
}